﻿{
  "runtime": "Net50",
  "documentGenerator": {
    "aspNetCoreToOpenApi": {
      "project": "$(CurrentProject)",
      "msBuildProjectExtensionsPath": null,
      "configuration": null,
      "runtime": "",
      "targetFramework": "",
      "noBuild": true,
      "verbose": true,
      "workingDirectory": null,
      "requireParametersWithoutDefault": true,
      "apiGroupNames": null,
      "defaultPropertyNameHandling": "CamelCase",
      "defaultReferenceTypeNullHandling": "Null",
      "defaultDictionaryValueReferenceTypeNullHandling": "NotNull",
      "defaultResponseReferenceTypeNullHandling": "NotNull",
      "defaultEnumHandling": "Integer",
      "flattenInheritanceHierarchy": false,
      "generateKnownTypes": true,
      "generateEnumMappingDescription": false,
      "generateXmlObjects": false,
      "generateAbstractProperties": true,
      "generateAbstractSchemas": true,
      "ignoreObsoleteProperties": false,
      "allowReferencesWithProperties": false,
      "excludedTypeNames": [],
      "serviceHost": null,
      "serviceBasePath": null,
      "serviceSchemes": [],
      "infoTitle": null,
      "infoDescription": null,
      "infoVersion": null,
      "documentTemplate": null,
      "documentProcessorTypes": [],
      "operationProcessorTypes": [],
      "typeNameGeneratorType": null,
      "schemaNameGeneratorType": null,
      "contractResolverType": null,
      "serializerSettingsType": null,
      "useDocumentProvider": false,
      "documentName": null,
      "aspNetCoreEnvironment": null,
      "createWebHostBuilderMethod": null,
      "startupType": null,
      "allowNullableBodyParameters": true,
      "output": null,
      "outputType": "OpenApi3",
      "newLineBehavior": "Auto",
      "assemblyPaths": [],
      "assemblyConfig": null,
      "referencePaths": [],
      "useNuGetCache": false
    }
  },
  "codeGenerators": {
    "openApiToCSharpClient": {
      "clientBaseClass": null,
      "configurationClass": null,
      "generateClientClasses": true,
      "generateClientInterfaces": true,
      "clientBaseInterface": null,
      "injectHttpClient": true,
      "disposeHttpClient": false,
      "protectedMethods": [],
      "generateExceptionClasses": true,
      "exceptionClass": "HttpClientException",
      "wrapDtoExceptions": true,
      "useHttpClientCreationMethod": false,
      "httpClientType": "System.Net.Http.HttpClient",
      "useHttpRequestMessageCreationMethod": false,
      "useBaseUrl": false,
      "generateBaseUrlProperty": true,
      "generateSyncMethods": false,
      "exposeJsonSerializerSettings": false,
      "clientClassAccessModifier": "public",
      "typeAccessModifier": "public",
      "generateContractsOutput": true,
      "contractsNamespace": "$(OutputNamespace)",
      "contractsOutputFilePath": "$(OutputPath)/Contracts.generated.cs",
      "parameterDateTimeFormat": "s",
      "parameterDateFormat": "yyyy-MM-dd",
      "generateUpdateJsonSerializerSettingsMethod": true,
      "useRequestAndResponseSerializationSettings": false,
      "serializeTypeInformation": false,
      "queryNullValue": "",
      "className": "{controller}HttpClient",
      "operationGenerationMode": "MultipleClientsFromOperationId",
      "additionalNamespaceUsages": [],
      "additionalContractNamespaceUsages": [],
      "generateOptionalParameters": false,
      "generateJsonMethods": true,
      "enforceFlagEnums": false,
      "parameterArrayType": "System.Collections.Generic.IEnumerable",
      "parameterDictionaryType": "System.Collections.Generic.IDictionary",
      "responseArrayType": "System.Collections.ObjectModel.ObservableCollection",
      "responseDictionaryType": "System.Collections.Generic.Dictionary",
      "wrapResponses": false,
      "wrapResponseMethods": [],
      "generateResponseClasses": true,
      "responseClass": "HttpClientResponse",
      "namespace": "$(OutputNamespace)",
      "requiredPropertiesMustBeDefined": true,
      "dateType": "System.DateTime",
      "jsonConverters": null,
      "anyType": "object",
      "dateTimeType": "System.DateTime",
      "timeType": "System.TimeSpan",
      "timeSpanType": "System.TimeSpan",
      "arrayType": "System.Collections.ObjectModel.ObservableCollection",
      "arrayInstanceType": "System.Collections.ObjectModel.Collection",
      "dictionaryType": "System.Collections.Generic.Dictionary",
      "dictionaryInstanceType": "System.Collections.Generic.Dictionary",
      "arrayBaseType": "System.Collections.ObjectModel.ObservableCollection",
      "dictionaryBaseType": "System.Collections.Generic.Dictionary",
      "classStyle": "Poco",
      "generateDefaultValues": true,
      "generateDataAnnotations": false,
      "excludedTypeNames": [],
      "excludedParameterNames": [],
      "handleReferences": false,
      "generateImmutableArrayProperties": false,
      "generateImmutableDictionaryProperties": false,
      "jsonSerializerSettingsTransformationMethod": null,
      "inlineNamedArrays": false,
      "inlineNamedDictionaries": false,
      "inlineNamedTuples": true,
      "inlineNamedAny": false,
      "generateDtoTypes": true,
      "generateOptionalPropertiesAsNullable": false,
      "generateNullableReferenceTypes": false,
      "templateDirectory": null,
      "typeNameGeneratorType": null,
      "propertyNameGeneratorType": null,
      "enumNameGeneratorType": null,
      "serviceHost": null,
      "serviceSchemes": null,
      "output": "$(OutputPath)/Clients.generated.cs",
      "newLineBehavior": "Auto"
    }
  }
}